"id","tahapan_id","sub_tahapan_id","program","kode_kegiatan","judul_kegiatan","keluaran","kode_kl","nama_kl","status_id","user_id","updated_by","penilaian","catatan_akhir","target_kuantitatif","capaian_kuantitatif","created_at","updated_at","satuan"
1,1,NULL,"Penetapan Walidata IGT","0001","Penetapan Walidata IGT pada Kementerian/ Lembaga","Keputusan Penetapan Walidata IGT",83,"Badan Informasi Geospasial (BIG)",NULL,NULL,NULL,NULL,NULL,NULL,NULL,NULL,NULL,NULL
2,1,NULL,"Penetapan Kelompok Kerja Nasional (POKJA) IGT","0002","Penetapan POKJA IGT","Keputusan Penetapan POKJA IGT",83,"Badan Informasi Geospasial (BIG)",NULL,NULL,NULL,NULL,NULL,NULL,NULL,NULL,NULL,NULL
3,1,NULL,"Penetapan Mekanisme dan Tata Kerja Sekretariat Tim Percepatan Kebijakan Satu Peta","0003","Penyusunan Mekanisme dan Tata Kerja Sekretariat Tim Percepatan Kebijakan Satu Peta","Peraturan mengenai Mekanisme dan Tata Kerja Sekretariat Tim PKSP",35,"Kementerian Koordinator Bidang Perekonomian (Kemenko Perekonomian)",NULL,NULL,NULL,NULL,NULL,NULL,NULL,NULL,NULL,NULL
4,1,NULL,"Penetapan Mekanisme dan Tata Kerja Pembuatan IGT","0004","Penyusunan Mekanisme dan Tata Kerja pembuatan IGT","Mekanisme dan Tata Kerja pembuatan IGT",0,"Walidata IGT",NULL,NULL,NULL,NULL,NULL,NULL,NULL,NULL,NULL,NULL
5,1,NULL,"Penyusunan Mekanisme dan Tata Kerja Kegiatan Kompilasi dan Integrasi Pelaksanaan Kebijakan Satu Peta","0005","Penyusunan Mekanisme dan Tata Kerja Kegiatan Kompilasi dan Integrasi Pelaksanaan Kebijakan Satu Peta","Peraturan Kepala BIG tentang Mekanisme dan Tata Kerja Kegiatan Kompilasi dan Integrasi Pelaksanaan Kebijakan Satu Peta ",83,"Badan Informasi Geospasial (BIG)",NULL,NULL,NULL,NULL,NULL,NULL,NULL,NULL,NULL,NULL
6,1,NULL,"Penyusunan Mekanisme dan Tata Kerja Peta Batas Kecamatan dan Kelurahan ","0006","Menyusun Mekanisme dan Tata Kerja Peta Batas Kecamatan dan Kelurahan","Peraturan Menteri Dalam Negeri",10,"Kementerian Dalam Negeri (Kemendagri)",NULL,NULL,NULL,NULL,NULL,NULL,NULL,NULL,NULL,NULL
7,1,NULL,"Penyusunan Mekanisme dan Tata Kerja Berbagi Pakai Data dan IG Kebijakan Satu Peta","0007","Menyusun Mekanisme dan Tata Kerja Berbagi Pakai Data dan IG Kebijakan Satu Peta","Peraturan Kepala BIG tentang Mekanisme Tata Kerja dan Berbagi Pakai Data dan IG Kebijakan Satu Peta",83,"Badan Informasi Geospasial (BIG)",NULL,NULL,NULL,NULL,NULL,NULL,NULL,NULL,NULL,NULL
8,2,NULL,"Perwujudan Peta Dasar","0008","Mewujudkan tersedianya Peta Rupa Bumi Indonesia (RBI)","Peta RBI skala 1:5.000",83,"Badan Informasi Geospasial (BIG)",NULL,NULL,NULL,NULL,NULL,NULL,NULL,NULL,NULL,NULL
9,2,NULL,"Perwujudan Peta Dasar","0008","Mewujudkan tersedianya Peta Rupa Bumi Indonesia (RBI)","Peta RBI skala 1:50.000",83,"Badan Informasi Geospasial (BIG)",NULL,NULL,NULL,NULL,NULL,NULL,NULL,NULL,NULL,NULL
10,2,NULL,"Perwujudan Peta Dasar","0008","Mewujudkan tersedianya Peta Rupa Bumi Indonesia (RBI)","Peta RBI skala 1:250.000",83,"Badan Informasi Geospasial (BIG)",NULL,NULL,NULL,NULL,NULL,NULL,NULL,NULL,NULL,NULL
11,2,NULL,"Perwujudan Peta Dasar","0009","Penyediaan Citra Satelit Resolusi Sangat Tinggi Wilayah Indonesia (CSRST)","Tersedianya Citra Satelit Resolusi Sangat Tinggi optis Resolusi minimal 50 cm",82,"Lembaga Penerbangan dan Antariksa Nasional (LAPAN)",NULL,NULL,NULL,NULL,NULL,NULL,NULL,NULL,NULL,NULL
12,2,NULL,"Perwujudan Peta Dasar","0010","Penyediaan Foto Udara Resolusi Tinggi Wilayah Pulau Terluar","Tersedianya Foto Udara Resolusi Tinggi",12,"Kementerian Pertahanan (Kemenhan)",NULL,NULL,NULL,NULL,NULL,NULL,NULL,NULL,NULL,NULL
13,2,NULL,"Perwujudan Peta Dasar","0011","Penyediaan Data Penginderaan Jauh ","Tersedianya Data Penginderaan Jauh untuk Mendukung Penyediaan Peta RBI Skala 1:5.000",83,"Badan Informasi Geospasial (BIG) dan Lembaga Penerbangan dan Antariksa Nasional (LAPAN)",NULL,NULL,NULL,NULL,NULL,NULL,NULL,NULL,NULL,NULL
14,3,NULL,"Pemutakhiran Peta Dasar","0012","Memutakhirkan Peta RBI","Peta RBI skala 1:50.000",83,"Badan Informasi Geospasial (BIG)",NULL,NULL,NULL,NULL,NULL,NULL,NULL,NULL,NULL,NULL
15,4,1,"Perwujudan IGT Status","0013","Mewujudkan IGT Perizinan Lokasi dan Kesesuaian Kegiatan Pemanfaatan Ruang","Peta Penetapan Lokasi Pengadaan Tanah bagi Kepentingan Umum Skala 1:50.000",56,"Kementerian Agraria dan Tata ruang/badan Pertanahan Nasional (Kementerian ATR/BPN)",NULL,NULL,NULL,NULL,NULL,NULL,NULL,NULL,NULL,NULL
16,4,1,"Perwujudan IGT Status","0014","Mewujudkan IGT Pertanahan","Peta Zona Nilai Tanah minimal skala 1: 10.000",56,"Kementerian Agraria dan Tata ruang/badan Pertanahan Nasional (Kementerian ATR/BPN)",NULL,NULL,NULL,NULL,NULL,NULL,NULL,NULL,NULL,NULL
17,4,1,"Perwujudan IGT Status","0014","Mewujudkan IGT Pertanahan","Peta Penguasaan dan Kepemilikan Tanah (Hak Milik) skala 1:5.000",56,"Kementerian Agraria dan Tata ruang/badan Pertanahan Nasional (Kementerian ATR/BPN)",NULL,NULL,NULL,NULL,NULL,NULL,NULL,NULL,NULL,NULL
18,4,1,"Perwujudan IGT Status","0014","Mewujudkan IGT Pertanahan","Peta Aset Tanah, Gedung dan Bangunan Milik BUMN minimal skala 1:50.000",41,"Kementerian BUMN",NULL,NULL,NULL,NULL,NULL,NULL,NULL,NULL,NULL,NULL
19,4,1,"Perwujudan IGT Status","0015","Mewujudkan IGT Batas Wilayah","Peta Batas Wilayah Administrasi Kewenangan Pengelolaan Sumber Daya Laut Provinsi skala 1:250.000 - 1: 25.000",10,"Kementerian Dalam Negeri (Kemendagri)",NULL,NULL,NULL,NULL,NULL,NULL,NULL,NULL,NULL,NULL
20,4,1,"Perwujudan IGT Status","0016","Mewujudkan IGT Migas dan Minerba","Peta Wilayah Kerja dan Wilayah Penugasan Panas Bumi Indonesia skala 1:50.000",20,"Kementerian Energi Sumber Daya Mineral (Kementerian ESDM)",NULL,NULL,NULL,NULL,NULL,NULL,NULL,NULL,NULL,NULL
21,4,1,"Perwujudan IGT Status","0017","Mewujudkan IGT Perizinan Lokasi dan Kesesuaian Kegiatan Pemanfaatan Ruang Laut ","Peta Izin Lokasi Perairan di Wilayah Pesisir dan Pulau-Pulau Kecil dan Peta Kesesuaian Kegiatan Pemanfaatan Ruang Laut skala 1:50.000",32,"Kementerian Kelautan dan Perikanan (Kementerian KP)",NULL,NULL,NULL,NULL,NULL,NULL,NULL,NULL,NULL,NULL
22,4,1,"Perwujudan IGT Status","0018","Mewujudkan IGT Perizinan Lokasi di Laut dan Perizinan Berusaha terkait Kegiatan Pemanfaatan di Laut","Peta lzin Lokasi di Laut dan Peta Perizinan Berusaha terkait Kegiatan Pemanfaatan di Laut skala l:50.000",32,"Kementerian Kelautan dan Perikanan (Kementerian KP)",NULL,NULL,NULL,NULL,NULL,NULL,NULL,NULL,NULL,NULL
23,4,1,"Perwujudan IGT Status","0019","Mewujudkan IGT Wilayah Adat","Peta Wilayah Kelola Masyarakat Hukum Adat Skala 1:50.000",32,"Kementerian Kelautan dan Perikanan (Kementerian KP)",NULL,NULL,NULL,NULL,NULL,NULL,NULL,NULL,NULL,NULL
24,4,1,"Perwujudan IGT Status","0020","Mewujudkan IGT Kawasan Khusus","Peta Kawasan Berikat dan Kawasan Lainnya Di bawah Pengawasan Pabean Skala 1:50.000",15,"Kementerian Keuangan (Kemenkeu)",NULL,NULL,NULL,NULL,NULL,NULL,NULL,NULL,NULL,NULL
25,4,1,"Perwujudan IGT Status","0020","Mewujudkan IGT Pertanahan","Peta Aset Tanah, Gedung dan Bangunan Milik Negara (BMN) minimal skala 1:50.000",15,"Kementerian Keuangan (Kemenkeu)",NULL,NULL,NULL,NULL,NULL,NULL,NULL,NULL,NULL,NULL
26,4,1,"Perwujudan IGT Status","0021","Mewujudkan IGT Kehutanan","Peta Izin Pinjam Pakai Kawasan Hutan (IPPKH) skala 1:50.000/Peta Persetujuan Penggunaan Kawasan Hutan skala 1:50.000",29,"Kementerian Lingkungan Hidup dan Kehutanan (Kementerian LHK)",NULL,NULL,NULL,NULL,NULL,NULL,NULL,NULL,NULL,NULL
27,4,1,"Perwujudan IGT Status","0021","Mewujudkan IGT Kehutanan","Peta Indikatif Penghentian Pemberian Izin Baru skala 1:250.000",29,"Kementerian Lingkungan Hidup dan Kehutanan (Kementerian LHK)",NULL,NULL,NULL,NULL,NULL,NULL,NULL,NULL,NULL,NULL
28,4,1,"Perwujudan IGT Status","0021","Mewujudkan IGT Kehutanan","Peta Pelepasan Kawasan Hutan skala 1:50.000",29,"Kementerian Lingkungan Hidup dan Kehutanan (Kementerian LHK)",NULL,NULL,NULL,NULL,NULL,NULL,NULL,NULL,NULL,NULL
29,4,1,"Perwujudan IGT Status","0021","Mewujudkan IGT Kehutanan","Peta Tata Batas Area Kerja Izin Pemanfaatan Hutan (IUPHHK-HA/HT/RE) skala 1:50.000/Peta Penetapan Batas Areal Kerja Perizinan Berusaha Pemanfaatan Hutan (Perizinan Berusaha) skala 1:50.000",29,"Kementerian Lingkungan Hidup dan Kehutanan (Kementerian LHK)",NULL,NULL,NULL,NULL,NULL,NULL,NULL,NULL,NULL,NULL
30,4,1,"Perwujudan IGT Status","0021","Mewujudkan IGT Kehutanan","Peta Izin Usaha  Pemanfaatan Hasil Hutan Kemasyarakatan skala 1:50.000/Peta Persetujuan Pengelolaan Hutan Kemasyarakatan skala 1:50.000",29,"Kementerian Lingkungan Hidup dan Kehutanan (Kementerian LHK)",NULL,NULL,NULL,NULL,NULL,NULL,NULL,NULL,NULL,NULL
31,4,1,"Perwujudan IGT Status","0021","Mewujudkan IGT Kehutanan","Peta Hak Pengelolaan Hutan Desa skala 1:50.000/Peta Persetujuan Pengelolaan Hutan Desa skala 1:50.000",29,"Kementerian Lingkungan Hidup dan Kehutanan (Kementerian LHK)",NULL,NULL,NULL,NULL,NULL,NULL,NULL,NULL,NULL,NULL
32,4,1,"Perwujudan IGT Status","0021","Mewujudkan IGT Kehutanan","Peta Izin Pengelolaan Hutan Perhutanan Sosial skala 1:50.000",29,"Kementerian Lingkungan Hidup dan Kehutanan (Kementerian LHK)",NULL,NULL,NULL,NULL,NULL,NULL,NULL,NULL,NULL,NULL
33,4,1,"Perwujudan IGT Status","0022","Mewujudkan IGT Sumber Daya dan Lingkungan","Peta Fungsi Ekosistem Gambut skala 1:50.000",29,"Kementerian Lingkungan Hidup dan Kehutanan (Kementerian LHK)",NULL,NULL,NULL,NULL,NULL,NULL,NULL,NULL,NULL,NULL
34,4,1,"Perwujudan IGT Status","0022","Mewujudkan IGT Sumber Daya dan Lingkungan","Peta Kesatuan Hidrologis Gambut skala 1:50.000",29,"Kementerian Lingkungan Hidup dan Kehutanan (Kementerian LHK)",NULL,NULL,NULL,NULL,NULL,NULL,NULL,NULL,NULL,NULL
35,4,1,"Perwujudan IGT Status","0023","Mewujudkan IGT Perizinan Berusaha di Bidang Perkebunan","Peta Perizinan Berusaha di Bidang Perkebunan skala 1:50.000",18,"Kementerian Pertanian (Kementan)",NULL,NULL,NULL,NULL,NULL,NULL,NULL,NULL,NULL,NULL
36,4,1,"Perwujudan IGT Status","0020","Mewujudkan IGT Kawasan Khusus","Peta Sebaran Kegiatan Industri skala 1:50.000 ",19,"Kementerian Perindustrian (Kemenperin)",NULL,NULL,NULL,NULL,NULL,NULL,NULL,NULL,NULL,NULL
37,4,1,"Perwujudan IGT Status","0024","Mewujudkan IGT Kawasan Khusus","Peta Daerah Lingkungan Kerja dan Lingkungan Kepentingan Pelabuhan skala 1:50.000",22,"Kementerian Perhubungan (Kemenhub)",NULL,NULL,NULL,NULL,NULL,NULL,NULL,NULL,NULL,NULL
38,4,1,"Perwujudan IGT Status","0020","Mewujudkan IGT Kawasan Khusus","Peta Kawasan Keamanan Operasional Penerbangan (KKOP) skala 1:5.000",22,"Kementerian Perhubungan (Kemenhub)",NULL,NULL,NULL,NULL,NULL,NULL,NULL,NULL,NULL,NULL
39,4,1,"Perwujudan IGT Status","0020","Mewujudkan IGT Kawasan Khusus","Peta Wilayah Pusat Pertumbuhan Industri skala 1:50.000",19,"Kementerian Perindustrian (Kemenperin)",NULL,NULL,NULL,NULL,NULL,NULL,NULL,NULL,NULL,NULL
40,4,1,"Perwujudan IGT Status","0025","Mewujudkan IGT Proyek Strategis","Peta Proyek Strategis Nasional (PSN) skala 1:50.000",35,"Kementerian Koordinator Bidang Perekonomian (Kemenko Perekonomian)",NULL,NULL,NULL,NULL,NULL,100,NULL,NULL,NULL,NULL
41,4,2,"Perwujudan IGT Perencanaan Ruang","0026","Mewujudkan IGT Perencanaan Ruang","Peta Recana Tata Ruang Pulau/Kepulauan skala 1:500.000",56,"Kementerian Agraria dan Tata ruang/badan Pertanahan Nasional (Kementerian ATR/BPN)",NULL,NULL,NULL,NULL,NULL,NULL,NULL,NULL,NULL,NULL
42,4,2,"Perwujudan IGT Perencanaan Ruang","0026","Mewujudkan IGT Perencanaan Ruang","Peta Rencana Detail Tata Ruang (RDTR) skala 1:50.000",56,"Kementerian Agraria dan Tata ruang/badan Pertanahan Nasional (Kementerian ATR/BPN)",NULL,NULL,NULL,NULL,NULL,NULL,NULL,NULL,NULL,NULL
43,4,2,"Perwujudan IGT Perencanaan Ruang","0026","Mewujudkan IGT Perencanaan Ruang","Peta Rencana Zonasi Kawasan Antarwilayah skala 1:500.000 - 1:50.000",32,"Kementerian Kelautan dan Perikanan (Kementerian KP)",NULL,NULL,NULL,NULL,NULL,NULL,NULL,NULL,NULL,NULL
44,4,2,"Perwujudan IGT Perencanaan Ruang","0026","Mewujudkan IGT Perencanaan Ruang","Peta Rencana Zonasi Kawasan Strategis Nasional Tertentu skala 1:500.000 – 1:5.000",32,"Kementerian Kelautan dan Perikanan (Kementerian KP)",NULL,NULL,NULL,NULL,NULL,NULL,NULL,NULL,NULL,NULL
45,4,2,"Perwujudan IGT Perencanaan Ruang","0027","Perwujudan IGT Perencanaan Ruang","Peta Rencana Zonasi Kawasan Strategis Nasional skala 1:500.000 - 1:5.000 (Diintegrasikan dengan Peta Peta RTR KSN 1:250.000 – 1:5.000)",32,"Kementerian Kelautan dan Perikanan (Kementerian KP)",NULL,NULL,NULL,NULL,NULL,NULL,NULL,NULL,NULL,NULL
46,4,3,"Perwujudan IGT Potensi","0022","Mewujudkan IGT Sumber Daya dan Lingkungan","Peta Neraca Penatagunaan  Tanah skala 1: 50.000",56,"Kementerian Agraria dan Tata ruang/badan Pertanahan Nasional (Kementerian ATR/BPN)",NULL,NULL,NULL,NULL,NULL,NULL,NULL,NULL,NULL,NULL
47,4,3,"Perwujudan IGT Potensi","0028","Mewujudkan IGT Potensi Sumber Daya dan Lingkungan","Peta Lahan Sawah yang Dilindungi minimal skala 1:5.000",56,"Kementerian Agraria dan Tata ruang/badan Pertanahan Nasional (Kementerian ATR/BPN)",NULL,NULL,NULL,NULL,NULL,NULL,NULL,NULL,NULL,NULL
48,4,3,"Perwujudan IGT Potensi","0029","Mewujudkan IGT Transportasi dan Logistik","Peta Kawasan Gudang BUMN skala 1:50.000",41,"Kementerian BUMN",NULL,NULL,NULL,NULL,NULL,NULL,NULL,NULL,NULL,NULL
49,4,3,"Perwujudan IGT Potensi","0022","Mewujudkan IGT Sumber Daya dan Lingkungan","Peta Cekungan Air Tanah minimal skala 1:250.000",20,"Kementerian Energi Sumber Daya Mineral (Kementerian ESDM)",NULL,NULL,NULL,NULL,NULL,NULL,NULL,NULL,NULL,NULL
50,4,3,"Perwujudan IGT Potensi","0022","Mewujudkan IGT Sumber Daya dan Lingkungan","Peta Kerentanan Likuifaksi skala 1:100.000",20,"Kementerian Energi Sumber Daya Mineral (Kementerian ESDM)",NULL,NULL,NULL,NULL,NULL,NULL,NULL,NULL,NULL,NULL
51,4,3,"Perwujudan IGT Potensi","0022","Mewujudkan IGT Sumber Daya dan Lingkungan","Peta Patahan Aktif Indonesia minimal skala 1:50.000",20,"Kementerian Energi Sumber Daya Mineral (Kementerian ESDM)",NULL,NULL,NULL,NULL,NULL,NULL,NULL,NULL,NULL,NULL
52,4,3,"Perwujudan IGT Potensi","0030","Mewujudkan IGT Transportasi dan Logistik","Peta Sebaran Terminal Bahan Bakar Minyak dan Terminal LPG skala 1:50.000",20,"Kementerian Energi Sumber Daya Mineral (Kementerian ESDM)",NULL,NULL,NULL,NULL,NULL,NULL,NULL,NULL,NULL,NULL
53,4,3,"Perwujudan IGT Potensi","0030","Mewujudkan IGT Transportasi dan Logistik","Peta Lokasi Kilang Minyak skala 1:50.000",20,"Kementerian Energi Sumber Daya Mineral (Kementerian ESDM)",NULL,NULL,NULL,NULL,NULL,NULL,NULL,NULL,NULL,NULL
54,4,3,"Perwujudan IGT Potensi","0022","Mewujudkan IGT Sumber Daya dan Lingkungan","Peta Kerentanan Pesisir skala 1:250.000-1:50.000",32,"Kementerian Kelautan dan Perikanan (Kementerian KP)",NULL,NULL,NULL,NULL,NULL,NULL,NULL,NULL,NULL,NULL
55,4,3,"Perwujudan IGT Potensi","0028","Mewujudkan IGT Potensi Sumber Daya dan Lingkungan","Peta Lahan Pembudidayaan Ikan skala 1:50.000",32,"Kementerian Kelautan dan Perikanan (Kementerian KP)",NULL,NULL,NULL,NULL,NULL,NULL,NULL,NULL,NULL,NULL
56,4,3,"Perwujudan IGT Potensi","0029","Mewujudkan IGT Transportasi dan Logistik","Peta Wilayah Kerja dan Pengoperasian Pelabuhan Perikanan (WKOPP) skala 1:50.000",32,"Kementerian Kelautan dan Perikanan (Kementerian KP)",NULL,NULL,NULL,NULL,NULL,NULL,NULL,NULL,NULL,NULL
57,4,3,"Perwujudan IGT Potensi","0028","Mewujudkan IGT Potensi Sumber Daya dan Lingkungan","Peta Potensi Sumberdaya Arkeologi Maritim skala 1 : 250.000 dan 1 : 100.000",32,"Kementerian Kelautan dan Perikanan (Kementerian KP)",NULL,NULL,NULL,NULL,NULL,NULL,NULL,NULL,NULL,NULL
58,4,3,"Perwujudan IGT Potensi","0028","Mewujudkan IGT Potensi Sumber Daya dan Lingkungan","Peta Lahan Garam skala 1:25.000",32,"Kementerian Kelautan dan Perikanan (Kementerian KP)",NULL,NULL,NULL,NULL,NULL,NULL,NULL,NULL,NULL,NULL
59,4,3,"Perwujudan IGT Potensi","0031","Mewujudkan IGT Fasilitas Sosial Fasilitas Umum (Fasos Fasum) dan Utilitas","Peta Sebaran Lokasi Akses Layanan Keuangan skala 1:50.000",35,"Kementerian Koordinator Bidang Perekonomian (Kemenko Perekonomian)",NULL,NULL,NULL,NULL,NULL,34,NULL,NULL,NULL,NULL
60,4,3,"Perwujudan IGT Potensi","0022","Mewujudkan IGT Sumber Daya dan Lingkungan","Peta Rawan Erosi skala 1:50.000",29,"Kementerian Lingkungan Hidup dan Kehutanan (Kementerian LHK)",NULL,NULL,NULL,NULL,NULL,NULL,NULL,NULL,NULL,NULL
61,4,3,"Perwujudan IGT Potensi","0022","Mewujudkan IGT Sumber Daya dan Lingkungan","Peta Lahan Kritis skala 1:50.000",29,"Kementerian Lingkungan Hidup dan Kehutanan (Kementerian LHK)",NULL,NULL,NULL,NULL,NULL,NULL,NULL,NULL,NULL,NULL
62,4,3,"Perwujudan IGT Potensi","0022","Mewujudkan IGT Sumber Daya dan Lingkungan","Peta Rawan Kebakaran Hutan dan Lahan skala 1:250.000",29,"Kementerian Lingkungan Hidup dan Kehutanan (Kementerian LHK)",NULL,NULL,NULL,NULL,NULL,NULL,NULL,NULL,NULL,NULL
63,4,3,"Perwujudan IGT Potensi","0022","Mewujudkan IGT Sumber Daya dan Lingkungan","Peta Mangrove Nasional skala 1:50.000 – 1:25.000",29,"Kementerian Lingkungan Hidup dan Kehutanan (Kementerian LHK)",NULL,NULL,NULL,NULL,NULL,NULL,NULL,NULL,NULL,NULL
64,4,3,"Perwujudan IGT Potensi","0022","Mewujudkan IGT Sumber Daya dan Lingkungan","Peta Daya Dukung Daya Tampung Lingkungan Hidup (DDDTLH) minimal skala 1:50.000",29,"Kementerian Lingkungan Hidup dan Kehutanan (Kementerian LHK)",NULL,NULL,NULL,NULL,NULL,NULL,NULL,NULL,NULL,NULL
65,4,3,"Perwujudan IGT Potensi","0022","Mewujudkan IGT Sumber Daya dan Lingkungan","Peta Pemantauan Sampah Laut  skala 1:250.000",29,"Kementerian Lingkungan Hidup dan Kehutanan (Kementerian LHK)",NULL,NULL,NULL,NULL,NULL,NULL,NULL,NULL,NULL,NULL
66,4,3,"Perwujudan IGT Potensi","0032","Mewujudkan IGT Fasos Fasum dan Utilitas","Peta Daerah Irigasi Rawa skala 1:5.000",33,"Kementerian Pekerjaan Umum dan Perumahan Rakyat (Kementerian PUPR)",NULL,NULL,NULL,NULL,NULL,NULL,NULL,NULL,NULL,NULL
67,4,3,"Perwujudan IGT Potensi","0032","Mewujudkan IGT Fasos Fasum dan Utilitas","Peta Daerah Irigasi Tambak skala 1:5.000",33,"Kementerian Pekerjaan Umum dan Perumahan Rakyat (Kementerian PUPR)",NULL,NULL,NULL,NULL,NULL,NULL,NULL,NULL,NULL,NULL
68,4,3,"Perwujudan IGT Potensi","0022","Mewujudkan IGT Sumber Daya dan Lingkungan","Peta Neraca Sumber Daya Air skala 1:50.000",33,"Kementerian Pekerjaan Umum dan Perumahan Rakyat (Kementerian PUPR)",NULL,NULL,NULL,NULL,NULL,NULL,NULL,NULL,NULL,NULL
69,4,3,"Perwujudan IGT Potensi","0022","Mewujudkan IGT Sumber Daya dan Lingkungan","Peta Lokasi Danau, Situ dan Embung skala 1:50.000",33,"Kementerian Pekerjaan Umum dan Perumahan Rakyat (Kementerian PUPR)",NULL,NULL,NULL,NULL,NULL,NULL,NULL,NULL,NULL,NULL
70,4,3,"Perwujudan IGT Potensi","0022","Mewujudkan IGT Sumber Daya dan Lingkungan","Peta Kawasan Permukiman Kumuh skala 1:5.000",33,"Kementerian Pekerjaan Umum dan Perumahan Rakyat (Kementerian PUPR)",NULL,NULL,NULL,NULL,NULL,NULL,NULL,NULL,NULL,NULL
71,4,3,"Perwujudan IGT Potensi","0029","Mewujudkan IGT Transportasi dan Logistik","Peta Lokasi Kegiatan Logistik dan Pergudangan skala 1:50.000",90,"Kementerian Perdagangan (Kemendag)",NULL,NULL,NULL,NULL,NULL,NULL,NULL,NULL,NULL,NULL
72,4,3,"Perwujudan IGT Potensi","0032","Mewujudkan IGT Fasos Fasum dan Utilitas","Peta Sebaran Pasar Rakyat dan Pasar Desa skala 1:50.000 – 1:5.000",90,"Kementerian Perdagangan (Kemendag)",NULL,NULL,NULL,NULL,NULL,NULL,NULL,NULL,NULL,NULL
73,4,3,"Perwujudan IGT Potensi","0032","Mewujudkan IGT Fasos Fasum dan Utilitas","Peta Sebaran Pasar Induk, Terminal Agribisnis, Pasar Komoditi dan Pusat Distribusi Regional skala 1:50.000 -1:5.000",90,"Kementerian Perdagangan (Kemendag)",NULL,NULL,NULL,NULL,NULL,NULL,NULL,NULL,NULL,NULL
74,4,3,"Perwujudan IGT Potensi","0029","Mewujudkan IGT Transportasi dan Logistik","Peta Alur Pelayaran Laut skala 1:50.000",22,"Kementerian Perhubungan (Kemenhub)",NULL,NULL,NULL,NULL,NULL,NULL,NULL,NULL,NULL,NULL
75,4,3,"Perwujudan IGT Potensi","0030","Mewujudkan IGT Transportasi dan Logistik","Peta Sarana Bantu Navigasi Pelayaran skala 1:50.000",22,"Kementerian Perhubungan (Kemenhub)",NULL,NULL,NULL,NULL,NULL,NULL,NULL,NULL,NULL,NULL
76,4,3,"Perwujudan IGT Potensi","0029","Mewujudkan IGT Transportasi dan Logistik","Peta Sebaran Sarana Bantu Navigasi Pelayaran (SBNP) Penyeberangan skala 1:50.000",22,"Kementerian Perhubungan (Kemenhub)",NULL,NULL,NULL,NULL,NULL,NULL,NULL,NULL,NULL,NULL
77,4,3,"Perwujudan IGT Potensi","0029","Mewujudkan IGT Transportasi dan Logistik","Peta Ruang Udara skala 1:50.000",22,"Kementerian Perhubungan (Kemenhub)",NULL,NULL,NULL,NULL,NULL,NULL,NULL,NULL,NULL,NULL
78,4,3,"Perwujudan IGT Potensi","0028","Mewujudkan IGT Potensi Sumber Daya dan Lingkungan","Peta Cetak Sawah Indonesia skala 1:5.000",18,"Kementerian Pertanian (Kementan)",NULL,NULL,NULL,NULL,NULL,NULL,NULL,NULL,NULL,NULL
79,4,3,"Perwujudan IGT Potensi","0022","Mewujudkan IGT Sumber Daya dan Lingkungan","Peta Lahan Pertanian Tanaman Pangan skala 1:50.000",18,"Kementerian Pertanian (Kementan)",NULL,NULL,NULL,NULL,NULL,NULL,NULL,NULL,NULL,NULL
80,4,3,"Perwujudan IGT Potensi","0022","Mewujudkan IGT Sumber Daya dan Lingkungan","Peta Lahan Pertanian Hortikultura skala 1:50.000",18,"Kementerian Pertanian (Kementan)",NULL,NULL,NULL,NULL,NULL,NULL,NULL,NULL,NULL,NULL
81,4,3,"Perwujudan IGT Potensi","0022","Mewujudkan IGT Sumber Daya dan Lingkungan","Peta Lahan Perkebunan skala 1:50.000",18,"Kementerian Pertanian (Kementan)",NULL,NULL,NULL,NULL,NULL,NULL,NULL,NULL,NULL,NULL
82,4,3,"Perwujudan IGT Potensi","0022","Mewujudkan IGT Sumber Daya dan Lingkungan","Peta Lahan Peternakan skala 1:50.000",18,"Kementerian Pertanian (Kementan)",NULL,NULL,NULL,NULL,NULL,NULL,NULL,NULL,NULL,NULL
83,4,3,"Perwujudan IGT Potensi","0022","Mewujudkan IGT Sumber Daya dan Lingkungan","Peta Rawan Banjir skala 1:50.000",83,"Badan Informasi Geospasial (BIG)",NULL,NULL,NULL,NULL,NULL,NULL,NULL,NULL,NULL,NULL
84,4,3,"Perwujudan IGT Potensi","0022","Mewujudkan IGT Sumber Daya dan Lingkungan","Peta Seismisitas Gempa Bumi skala 1:50.000 - 1:25.000",75,"Badan Meteorologi Klimatologi dan Geofisika (BMKG)",NULL,NULL,NULL,NULL,NULL,NULL,NULL,NULL,NULL,NULL
85,4,3,"Perwujudan IGT Potensi","0022","Mewujudkan IGT Sumber Daya dan Lingkungan","Peta Terumbu Karang skala 1:50.000",79,"Badan Riset dan Inovasi Nasional (BRIN)",NULL,NULL,NULL,NULL,NULL,NULL,NULL,NULL,NULL,NULL
86,4,3,"Perwujudan IGT Potensi","0032","Mewujudkan IGT Fasos Fasum dan Utilitas","Peta Sebaran Objek Vital Nasional skala 1:50.000",60,"Kepolisian Negara Republik Indonesia (POLRI)",NULL,NULL,NULL,NULL,NULL,NULL,NULL,NULL,NULL,NULL
87,5,4,"Pemutakhiran IGT Status","0033","Memutakhirkan IGT Pertanahan","Peta Hak Guna Usaha (HGU), minimal pada skala 1:50.000",56,"Kementerian Agraria dan Tata ruang/badan Pertanahan Nasional (Kementerian ATR/BPN)",NULL,NULL,NULL,NULL,NULL,NULL,NULL,NULL,NULL,NULL
88,5,4,"Pemutakhiran IGT Status","0033","Memutakhirkan IGT Pertanahan","Peta Hak Pengelolaan (HPL), minimal pada skala 1:50.000",56,"Kementerian Agraria dan Tata ruang/badan Pertanahan Nasional (Kementerian ATR/BPN)",NULL,NULL,NULL,NULL,NULL,NULL,NULL,NULL,NULL,NULL
89,5,4,"Pemutakhiran IGT Status","0033","Memutakhirkan IGT Pertanahan","Peta Hak Guna Bangunan (HGB) minimal pada skala 1:50.000",56,"Kementerian Agraria dan Tata ruang/badan Pertanahan Nasional (Kementerian ATR/BPN)",NULL,NULL,NULL,NULL,NULL,NULL,NULL,NULL,NULL,NULL
90,5,4,"Pemutakhiran IGT Status","0033","Memutakhirkan IGT Pertanahan","Peta Hak Ulayat, minimal skala 1:50.000",56,"Kementerian Agraria dan Tata ruang/badan Pertanahan Nasional (Kementerian ATR/BPN)",NULL,NULL,NULL,NULL,NULL,NULL,NULL,NULL,NULL,NULL
91,5,4,"Pemutakhiran IGT Status","0034","Memutakhirkan IGT Perizinan Lokasi dan Kesesuaian Kegiatan Pemanfaatan Ruang.","Peta Izin Lokasi dan Peta Kesesuaian Kegiatan Pemanfaatan Ruang, minimal pada skala 1:50.000",56,"Kementerian Agraria dan Tata ruang/badan Pertanahan Nasional (Kementerian ATR/BPN)",NULL,NULL,NULL,NULL,NULL,NULL,NULL,NULL,NULL,NULL
92,5,4,"Pemutakhiran IGT Status","0035","Memutakhirkan IGT Batas Wilayah","Peta Batas Administrasi Provinsi, Peta Batas Administrasi Kabupaten/Kota skala 1:50.000",10,"Kementerian Dalam Negeri (Kemendagri)",NULL,NULL,NULL,NULL,NULL,NULL,NULL,NULL,NULL,NULL
93,5,4,"Pemutakhiran IGT Status","0035","Memutakhirkan IGT Batas Wilayah","Peta Batas Administrasi Desa/Desa Adat dan Peta Batas Administrasi Kelurahan minimal skala 1:10.000",10,"Kementerian Dalam Negeri (Kemendagri)",NULL,NULL,NULL,NULL,NULL,NULL,NULL,NULL,NULL,NULL
94,5,4,"Pemutakhiran IGT Status","0036","Memutakhirkan IGT Kawasan Khusus","Peta Persebaran Lokasi Transmigrasi skala 1:50.000",67,"Kementerian Desa Pembangunan Daerah Tertinggal dan Transmigrasi (Kemendes PDTT)",NULL,NULL,NULL,NULL,NULL,NULL,NULL,NULL,NULL,NULL
95,5,4,"Pemutakhiran IGT Status","0036","Memutakhirkan IGT Kawasan Khusus","Peta Persebaran Kawasan Transmigrasi Skala 1:50.000",67,"Kementerian Desa Pembangunan Daerah Tertinggal dan Transmigrasi (Kemendes PDTT)",NULL,NULL,NULL,NULL,NULL,NULL,NULL,NULL,NULL,NULL
96,5,4,"Pemutakhiran IGT Status","0037","Memutakhiran IGT Migas dan Minerba","Peta Perizinan Berusaha di Bidang Pertambangan skala 1:50.000",20,"Kementerian Energi Sumber Daya Mineral (Kementerian ESDM)",NULL,NULL,NULL,NULL,NULL,NULL,NULL,NULL,NULL,NULL
97,5,4,"Pemutakhiran IGT Status","0037","Memutakhiran IGT Migas dan Minerba","Peta Wilayah Kerja Migas skala 1:50.000",20,"Kementerian Energi Sumber Daya Mineral (Kementerian ESDM)",NULL,NULL,NULL,NULL,NULL,NULL,NULL,NULL,NULL,NULL
98,5,4,"Pemutakhiran IGT Status","0036","Memutakhirkan IGT Kawasan Khusus","Peta Penetapan Kawasan Ekonomi Khusus (KEK), minimal pada skala 1:50.000",35,"Kementerian Koordinator Bidang Perekonomian (Kemenko Perekonomian)",NULL,NULL,NULL,NULL,NULL,NULL,NULL,NULL,NULL,NULL
99,5,4,"Pemutakhiran IGT Status","0036","Memutakhirkan IGT Kawasan Khusus","Peta Kawasan Perdagangan Bebas dan Pelabuhan Bebas (KPBPB) skala 1:50.000",35,"Kementerian Koordinator Bidang Perekonomian (Kemenko Perekonomian)",NULL,NULL,NULL,NULL,NULL,NULL,NULL,NULL,NULL,NULL
100,5,4,"Pemutakhiran IGT Status","0038","Memutakhirkan IGT  Indikatif Tumpang Tindih Pemanfaatan Ruang","Peta Indikatif Tumpang Tindih antar IGT (PITTI) skala 1:50.000",35,"Kementerian Koordinator Bidang Perekonomian (Kemenko Perekonomian)",NULL,NULL,NULL,NULL,NULL,NULL,NULL,NULL,NULL,NULL
101,5,4,"Pemutakhiran IGT Status","0035","Memutakhirkan IGT Batas Wilayah","Peta Batas Darat Negara skala 1:25.000",11,"Kementerian Luar Negeri (Kemenlu)",NULL,NULL,NULL,NULL,NULL,NULL,NULL,NULL,NULL,NULL
102,5,4,"Pemutakhiran IGT Status","0035","Memutakhirkan IGT Batas Wilayah","Peta Batas Laut Negara skala 1:1.000.000",11,"Kementerian Luar Negeri (Kemenlu)",NULL,NULL,NULL,NULL,NULL,NULL,NULL,NULL,NULL,NULL
103,5,4,"Pemutakhiran IGT Status","0039","Memutakhirkan IGT Kehutanan","Peta Penetapan Kawasan Hutan pada skala 1:100.000 – 1:50.000",29,"Kementerian Lingkungan Hidup dan Kehutanan (Kementerian LHK)",NULL,NULL,NULL,NULL,NULL,NULL,NULL,NULL,NULL,NULL
104,5,4,"Pemutakhiran IGT Status","0039","Memutakhirkan IGT Kehutanan","Peta Izin Pemanfaatan Kawasan Hutan (IUPHHK-HA, IUPHHK-HT dan IUPHHK-RE), minimal pada skala 1:50.000/Peta Perizinan Berusaha Pemanfaatan Hutan minimal pada skala 1:50.000",29,"Kementerian Lingkungan Hidup dan Kehutanan (Kementerian LHK)",NULL,NULL,NULL,NULL,NULL,NULL,NULL,NULL,NULL,NULL
105,5,4,"Pemutakhiran IGT Status","0039","Memutakhirkan IGT Kehutanan","Peta Hutan Tanaman Rakyat (HTR), minimal pada skala 1:50.000/Peta Persetujuan Pengelolaan Hutan Tanaman Rakyat skala 1:50.000",29,"Kementerian Lingkungan Hidup dan Kehutanan (Kementerian LHK)",NULL,NULL,NULL,NULL,NULL,NULL,NULL,NULL,NULL,NULL
106,5,4,"Pemutakhiran IGT Status","0039","Memutakhirkan IGT Kehutanan","Peta Kawasan Hutan dengan Tujuan Khusus, minimal pada sakala 1:50.000",29,"Kementerian Lingkungan Hidup dan Kehutanan (Kementerian LHK)",NULL,NULL,NULL,NULL,NULL,NULL,NULL,NULL,NULL,NULL
107,5,4,"Pemutakhiran IGT Status","0039","Memutakhirkan IGT Kehutanan","Peta Hutan Adat, Minimal pada skala 1:50.000/Peta Penetapan Hutan Adat minimal pada skala 1:50.000",29,"Kementerian Lingkungan Hidup dan Kehutanan (Kementerian LHK)",NULL,NULL,NULL,NULL,NULL,NULL,NULL,NULL,NULL,NULL
108,5,4,"Pemutakhiran IGT Status","0039","Memutakhirkan IGT Kehutanan","Peta Penunjukkan Kawasan Hutan skala 1:250.000",29,"Kementerian Lingkungan Hidup dan Kehutanan (Kementerian LHK)",NULL,NULL,NULL,NULL,NULL,NULL,NULL,NULL,NULL,NULL
109,5,4,"Pemutakhiran IGT Status","0039","Memutakhirkan IGT Kehutanan","Peta Indikatif Alokasi Kawasan Hutan untuk Penyediaan Sumber TORA skala 1:50.000/Peta Indikatif Penyelesaian Penguasaan Tanah Dalam Rangka Penataan Kawasan Hutan minimal skala 1:50.000",29,"Kementerian Lingkungan Hidup dan Kehutanan (Kementerian LHK)",NULL,NULL,NULL,NULL,NULL,NULL,NULL,NULL,NULL,NULL
110,5,4,"Pemutakhiran IGT Status","0036","Memutakhirkan IGT Kawasan Khusus","Peta Kawasan Industri Eksisting dan Peta Rencana Kawasan Industri skala 1: 50.000",19,"Kementerian Perindustrian (Kemenperin)",NULL,NULL,NULL,NULL,NULL,NULL,NULL,NULL,NULL,NULL
111,5,4,"Pemutakhiran IGT Status","0036","Memutakhirkan IGT Kawasan Khusus","Peta Kawasan Cagar Budaya skala 1: 50.000",23,"Kementerian Pendidikan dan Kebudayaan (Kemendikbud)",NULL,NULL,NULL,NULL,NULL,NULL,NULL,NULL,NULL,NULL
112,5,4,"Pemutakhiran IGT Status","0036","Memutakhirkan IGT Kawasan Khusus","Peta Sebaran Lokasi Cagar Budaya skala 1: 50.000",23,"Kementerian Pendidikan dan Kebudayaan (Kemendikbud)",NULL,NULL,NULL,NULL,NULL,NULL,NULL,NULL,NULL,NULL
113,5,5,"Pemutakhiran IGT Perencanaan Ruang","0040","Memutakhirkan IGT Perencanaan Ruang","Peta RTRW Nasional (RTRWN) skala 1:1.000.000",56,"Kementerian Agraria dan Tata ruang/badan Pertanahan Nasional (Kementerian ATR/BPN)",NULL,NULL,NULL,NULL,NULL,NULL,NULL,NULL,NULL,NULL
114,5,5,"Pemutakhiran IGT Perencanaan Ruang","0040","Memutakhirkan IGT Perencanaan Ruang","Peta RTRW Provinsi skala 1:250.000",56,"Kementerian Agraria dan Tata ruang/badan Pertanahan Nasional (Kementerian ATR/BPN)",NULL,NULL,NULL,NULL,NULL,NULL,NULL,NULL,NULL,NULL
115,5,5,"Pemutakhiran IGT Perencanaan Ruang","0040","Memutakhirkan IGT Perencanaan Ruang","Peta RTRW Kabupaten skala 1:50.000 dan RTRW Kota skala 1:25.000",56,"Kementerian Agraria dan Tata ruang/badan Pertanahan Nasional (Kementerian ATR/BPN)",NULL,NULL,NULL,NULL,NULL,NULL,NULL,NULL,NULL,NULL
116,5,5,"Pemutakhiran IGT Perencanaan Ruang","0040","Memutakhirkan IGT Perencanaan Ruang","Peta RTR KSN 1:250.000 – 1:5.000",56,"Kementerian Agraria dan Tata ruang/badan Pertanahan Nasional (Kementerian ATR/BPN)",NULL,NULL,NULL,NULL,NULL,NULL,NULL,NULL,NULL,NULL
117,5,5,"Pemutakhiran IGT Perencanaan Ruang","0040","Memutakhirkan IGT Perencanaan Ruang","Peta Rencana Pembangunan Jangka Menengah Nasional skala 1:250.000",55,"Kementerian Perencanaan Pembangunan Nasional/Badan Perencanaan Pembangunan Nasional (Kementerian PPN/Bappenas)",NULL,NULL,NULL,NULL,NULL,NULL,NULL,NULL,NULL,NULL
118,5,5,"Pemutakhiran IGT Perencanaan Ruang","0040","Memutakhirkan IGT Perencanaan Ruang","Peta RKP skala 1:250.000",55,"Kementerian Perencanaan Pembangunan Nasional/Badan Perencanaan Pembangunan Nasional (Kementerian PPN/Bappenas)",NULL,NULL,NULL,NULL,NULL,NULL,NULL,NULL,NULL,NULL
119,5,5,"Pemutakhiran IGT Perencanaan Ruang","0040","Memutakhirkan IGT Perencanaan Ruang","Peta Kawasan Wilayah Pertahanan Negara skala 1:1.000.000",12,"Kementerian Pertahanan (Kemenhan)",NULL,NULL,NULL,NULL,NULL,NULL,NULL,NULL,NULL,NULL
120,5,5,"Pemutakhiran IGT Perencanaan Ruang","0040","Memutakhirkan IGT Perencanaan Ruang","Peta Rinci  Wilayah Pertahanan Negara skala 1:50.000",12,"Kementerian Pertahanan (Kemenhan)",NULL,NULL,NULL,NULL,NULL,NULL,NULL,NULL,NULL,NULL
121,5,5,"Pemutakhiran IGT Perencanaan Ruang","0040","Memutakhirkan IGT Perencanaan Ruang","Peta Rencana Tata Ruang Laut skala 1:1.000.000",32,"Kementerian Kelautan dan Perikanan (Kementerian KP)",NULL,NULL,NULL,NULL,NULL,NULL,NULL,NULL,NULL,NULL
122,5,5,"Pemutakhiran IGT Perencanaan Ruang","0040","Memutakhirkan IGT Perencanaan Ruang","Peta RZWP3K Provinsi skala 1:250.000",32,"Kementerian Kelautan dan Perikanan (Kementerian KP)",NULL,NULL,NULL,NULL,NULL,NULL,NULL,NULL,NULL,NULL
123,5,5,"Pemutakhiran IGT Perencanaan Ruang","0040","Memutakhirkan IGT Perencanaan Ruang","Peta Bagian Rencana Zonasi Wilayah Pesisir Dan Pulau-Pulau Kecil (RZWP3K) skala 1:50.000",32,"Kementerian Kelautan dan Perikanan (Kementerian KP)",NULL,NULL,NULL,NULL,NULL,NULL,NULL,NULL,NULL,NULL
124,5,6,"Pemutakhiran IGT Potensi","0041","Memutakhirkan IGT Sumber Daya dan Lingkungan","Peta Penggunaan Tanah minimal pada skala 1:50.000",56,"Kementerian Agraria dan Tata ruang/badan Pertanahan Nasional (Kementerian ATR/BPN)",NULL,NULL,NULL,NULL,NULL,NULL,NULL,NULL,NULL,NULL
125,5,6,"Pemutakhiran IGT Potensi","0041","Memutakhirkan IGT Sumber Daya dan Lingkungan","Peta Lahan Baku Sawah Nasional skala minimal 1:50.000",56,"Kementerian Agraria dan Tata ruang/badan Pertanahan Nasional (Kementerian ATR/BPN)",NULL,NULL,NULL,NULL,NULL,NULL,NULL,NULL,NULL,NULL
126,5,6,"Pemutakhiran IGT Potensi","0042","Memutakhirkan IGT Fasos Fasum dan Utilitas ","Peta Infrastruktur Pipa Gas Bumi skala 1:50.000",20,"Kementerian Energi Sumber Daya Mineral (Kementerian ESDM)",NULL,NULL,NULL,NULL,NULL,NULL,NULL,NULL,NULL,NULL
127,5,6,"Pemutakhiran IGT Potensi","0043","Memutakhirkan IGT Fasos Fasum dan Utilitas","Peta Jaringan Listrik skala 1:50.000",20,"Kementerian Energi Sumber Daya Mineral (Kementerian ESDM)",NULL,NULL,NULL,NULL,NULL,NULL,NULL,NULL,NULL,NULL
128,5,6,"Pemutakhiran IGT Potensi","0043","Memutakhirkan IGT Fasos Fasum dan Utilitas","Peta Sebaran Gardu Listrik skala 1:50.000",20,"Kementerian Energi Sumber Daya Mineral (Kementerian ESDM)",NULL,NULL,NULL,NULL,NULL,NULL,NULL,NULL,NULL,NULL
129,5,6,"Pemutakhiran IGT Potensi","0043","Memutakhirkan IGT Fasos Fasum dan Utilitas","Peta Sebaran Pembangkit Listrik skala 1:50.000",20,"Kementerian Energi Sumber Daya Mineral (Kementerian ESDM)",NULL,NULL,NULL,NULL,NULL,NULL,NULL,NULL,NULL,NULL
130,5,6,"Pemutakhiran IGT Potensi","0043","Memutakhirkan IGT Fasos Fasum dan Utilitas","Peta Lokasi Pembangkit Listrik skala 1:50.000",20,"Kementerian Energi Sumber Daya Mineral (Kementerian ESDM)",NULL,NULL,NULL,NULL,NULL,NULL,NULL,NULL,NULL,NULL
131,5,6,"Pemutakhiran IGT Potensi","0041","Memutakhirkan IGT Sumber Daya dan Lingkungan","Peta Geologi skala 1:100.000",20,"Kementerian Energi Sumber Daya Mineral (Kementerian ESDM)",NULL,NULL,NULL,NULL,NULL,NULL,NULL,NULL,NULL,NULL
132,5,6,"Pemutakhiran IGT Potensi","0041","Memutakhirkan IGT Sumber Daya dan Lingkungan","Peta Hidrogeologi skala 1:100.000",20,"Kementerian Energi Sumber Daya Mineral (Kementerian ESDM)",NULL,NULL,NULL,NULL,NULL,NULL,NULL,NULL,NULL,NULL
133,5,6,"Pemutakhiran IGT Potensi","0044","Memutakhirkan IGT Kebencanaan","Peta Kawasan Rawan Bencana Gunung Api skala 1:50.000",20,"Kementerian Energi Sumber Daya Mineral (Kementerian ESDM)",NULL,NULL,NULL,NULL,NULL,NULL,NULL,NULL,NULL,NULL
134,5,6,"Pemutakhiran IGT Potensi","0044","Memutakhirkan IGT Kebencanaan","Peta Kawasan Rawan Bencana Gempa Bumi skala 1:50.000",20,"Kementerian Energi Sumber Daya Mineral (Kementerian ESDM)",NULL,NULL,NULL,NULL,NULL,NULL,NULL,NULL,NULL,NULL
135,5,6,"Pemutakhiran IGT Potensi","0044","Memutakhirkan IGT Kebencanaan","Peta Zona Kerentanan Gerakan Tanah skala 1: 50.000",20,"Kementerian Energi Sumber Daya Mineral (Kementerian ESDM)",NULL,NULL,NULL,NULL,NULL,NULL,NULL,NULL,NULL,NULL
136,5,6,"Pemutakhiran IGT Potensi","0044","Memutakhirkan IGT Kebencanaan","Peta Kawasan Rawan Bencana Tsunami skala 1: 50.000",20,"Kementerian Energi Sumber Daya Mineral (Kementerian ESDM)",NULL,NULL,NULL,NULL,NULL,NULL,NULL,NULL,NULL,NULL
137,5,6,"Pemutakhiran IGT Potensi","0045","Memutakhirkan IGT Sumber daya Lingkungan","Peta Kawasan Bentang Alam Karst skala 1:50.000",20,"Kementerian Energi Sumber Daya Mineral (Kementerian ESDM)",NULL,NULL,NULL,NULL,NULL,NULL,NULL,NULL,NULL,NULL
138,5,6,"Pemutakhiran IGT Potensi","0046","Memutakhirkan IGT Migas dan Minerba","Peta Sumber Daya Mineral Skala 1:50.000",20,"Kementerian Energi Sumber Daya Mineral (Kementerian ESDM)",NULL,NULL,NULL,NULL,NULL,NULL,NULL,NULL,NULL,NULL
139,5,6,"Pemutakhiran IGT Potensi","0046","Memutakhirkan IGT Migas dan Minerba","Peta Sumber Daya Batubara skala 1:50.000",20,"Kementerian Energi Sumber Daya Mineral (Kementerian ESDM)",NULL,NULL,NULL,NULL,NULL,NULL,NULL,NULL,NULL,NULL
140,5,6,"Pemutakhiran IGT Potensi","0046","Memutakhirkan IGT Migas dan Minerba","Peta Sumber Daya Panas Bumi skala 1:50.000",20,"Kementerian Energi Sumber Daya Mineral (Kementerian ESDM)",NULL,NULL,NULL,NULL,NULL,NULL,NULL,NULL,NULL,NULL
141,5,6,"Pemutakhiran IGT Potensi","0043","Memutakhirkan IGT Fasos Fasum dan Utilitas","Peta Jaringan Serat Optik skala 1: 50.000",59,"Kementerian Komunikasi dan Informasi (Kemenkominfo)",NULL,NULL,NULL,NULL,NULL,NULL,NULL,NULL,NULL,NULL
142,5,6,"Pemutakhiran IGT Potensi","0041","Memutakhirkan IGT Sumber Daya dan Lingkungan","Peta Potensi Wilayah Penangkapan Ikan skala 1:250.000",32,"Kementerian Kelautan dan Perikanan (Kementerian KP)",NULL,NULL,NULL,NULL,NULL,NULL,NULL,NULL,NULL,NULL
143,5,6,"Pemutakhiran IGT Potensi","0041","Memutakhirkan IGT Sumber Daya dan Lingkungan","Peta Wilayah Pengelolaan Perikanan Negara Republik Indonesia (WPPNRI) skala 1:250.000",32,"Kementerian Kelautan dan Perikanan (Kementerian KP)",NULL,NULL,NULL,NULL,NULL,NULL,NULL,NULL,NULL,NULL
144,5,6,"Pemutakhiran IGT Potensi","0043","Memutakhirkan IGT Fasos Fasum dan Utilitas","Peta Lokasi Pelabuhan Perikanan skala 1:50.000",32,"Kementerian Kelautan dan Perikanan (Kementerian KP)",NULL,NULL,NULL,NULL,NULL,NULL,NULL,NULL,NULL,NULL
145,5,6,"Pemutakhiran IGT Potensi","0041","Memutakhirkan IGT Sumber Daya dan Lingkungan","Peta Zonasi Kawasan Konservasi Perairan skala 1:50.000",32,"Kementerian Kelautan dan Perikanan (Kementerian KP)",NULL,NULL,NULL,NULL,NULL,NULL,NULL,NULL,NULL,NULL
146,5,6,"Pemutakhiran IGT Potensi","0039","Memutakhirkan IGT Kehutanan","Peta Neraca Sumber Daya Hutan skala 1:250.000",29,"Kementerian Lingkungan Hidup dan Kehutanan (Kementerian LHK)",NULL,NULL,NULL,NULL,NULL,NULL,NULL,NULL,NULL,NULL
147,5,6,"Pemutakhiran IGT Potensi","0047","Memutakhirkan IGT Lingkungan","Peta Daerah Aliran Sungai (DAS) skala 1:50.000 (Klasifikasi DAS)",29,"Kementerian Lingkungan Hidup dan Kehutanan (Kementerian LHK)",NULL,NULL,NULL,NULL,NULL,NULL,NULL,NULL,NULL,NULL
148,5,6,"Pemutakhiran IGT Potensi","0047","Memutakhirkan IGT Lingkungan","Peta Zonasi Kawasan Konservasi skala 1:50.000",29,"Kementerian Lingkungan Hidup dan Kehutanan (Kementerian LHK)",NULL,NULL,NULL,NULL,NULL,NULL,NULL,NULL,NULL,NULL
149,5,6,"Pemutakhiran IGT Potensi","0043","Memutakhirkan IGT Fasos Fasum dan Utilitas","Peta Sebaran Lokasi Pengaman Pantai skala 1:50.000",33,"Kementerian Pekerjaan Umum dan Perumahan Rakyat (Kementerian PUPR)",NULL,NULL,NULL,NULL,NULL,NULL,NULL,NULL,NULL,NULL
150,5,6,"Pemutakhiran IGT Potensi","0043","Memutakhirkan IGT Fasos Fasum dan Utilitas","Peta Sebaran Lokasi Rusunawa skala 1:50.000",33,"Kementerian Pekerjaan Umum dan Perumahan Rakyat (Kementerian PUPR)",NULL,NULL,NULL,NULL,NULL,NULL,NULL,NULL,NULL,NULL
151,5,6,"Pemutakhiran IGT Potensi","0048","Memutakhirkan IGT Transportasi dan Logistik ","Peta Jalan Nasional Tol dan Jalan Nasional Non Tol, dan Peta Jalan Provinsi Peta Jalan Kabupaten/Kota skala 1:50.000",33,"Kementerian Pekerjaan Umum dan Perumahan Rakyat (Kementerian PUPR)",NULL,NULL,NULL,NULL,NULL,NULL,NULL,NULL,NULL,NULL
152,5,6,"Pemutakhiran IGT Potensi","0043","Memutakhirkan IGT Fasos Fasum dan Utilitas","Peta Sebaran Lokasi Sistem Penyediaan Air Minum (SPAM) skala 1:50.000",33,"Kementerian Pekerjaan Umum dan Perumahan Rakyat (Kementerian PUPR)",NULL,NULL,NULL,NULL,NULL,NULL,NULL,NULL,NULL,NULL
153,5,6,"Pemutakhiran IGT Potensi","0043","Memutakhirkan IGT Fasos Fasum dan Utilitas","Peta Sebaran Lokasi Instalasi Pengolahan Air Limbah (IPAL) dan Peta Lokasi Instalasi Pengolahan Lumpur Tinja (IPLT) skala 1:50.000",33,"Kementerian Pekerjaan Umum dan Perumahan Rakyat (Kementerian PUPR)",NULL,NULL,NULL,NULL,NULL,NULL,NULL,NULL,NULL,NULL
154,5,6,"Pemutakhiran IGT Potensi","0043","Memutakhirkan IGT Fasos Fasum dan Utilitas","Peta Sebaran Lokasi Tempat Pemrosesan Akhir (TPA) skala  1:50.000",33,"Kementerian Pekerjaan Umum dan Perumahan Rakyat (Kementerian PUPR)",NULL,NULL,NULL,NULL,NULL,NULL,NULL,NULL,NULL,NULL
155,5,6,"Pemutakhiran IGT Potensi","0047","Memutakhirkan IGT Lingkungan","Peta Air Tanah skala 1:50.000",33,"Kementerian Perhubungan (Kemenhub)",NULL,NULL,NULL,NULL,NULL,NULL,NULL,NULL,NULL,NULL
156,5,6,"Pemutakhiran IGT Potensi","0043","Memutakhirkan IGT Fasos Fasum dan Utilitas","Peta Daerah Irigasi Permukaan skala 1:5.000",33,"Kementerian Pekerjaan Umum dan Perumahan Rakyat (Kementerian PUPR)",NULL,NULL,NULL,NULL,NULL,NULL,NULL,NULL,NULL,NULL
157,5,6,"Pemutakhiran IGT Potensi","0043","Memutakhirkan IGT Fasos Fasum dan Utilitas","Peta Sebaran Lokasi Bendungan Eksisting dan Peta Sebaran Lokasi Bendungan Rencana skala 1:50.000",33,"Kementerian Pekerjaan Umum dan Perumahan Rakyat (Kementerian PUPR)",NULL,NULL,NULL,NULL,NULL,NULL,NULL,NULL,NULL,NULL
158,5,6,"Pemutakhiran IGT Potensi","0043","Memutakhirkan IGT Fasos Fasum dan Utilitas","Peta Sebaran Lokasi Sabo DAM skala 1: 50.000",33,"Kementerian Pekerjaan Umum dan Perumahan Rakyat (Kementerian PUPR)",NULL,NULL,NULL,NULL,NULL,NULL,NULL,NULL,NULL,NULL
159,5,6,"Pemutakhiran IGT Potensi","0041","Memutakhirkan IGT Sumber Daya dan Lingkungan","Peta Ketersediaan Air skala 1:250.000",33,"Kementerian Pekerjaan Umum dan Perumahan Rakyat (Kementerian PUPR)",NULL,NULL,NULL,NULL,NULL,NULL,NULL,NULL,NULL,NULL
160,5,6,"Pemutakhiran IGT Potensi","0049","Memutakhirkan IGT Transportasi dan Logistik","Peta Sebaran Pelabuhan Umum skala 1:50.000",22,"Kementerian Perhubungan (Kemenhub)",NULL,NULL,NULL,NULL,NULL,NULL,NULL,NULL,NULL,NULL
161,5,6,"Pemutakhiran IGT Potensi","0049","Memutakhirkan IGT Transportasi dan Logistik","Peta Sebaran Pelabuhan Penyeberangan skala 1:50.000",22,"Kementerian Perhubungan (Kemenhub)",NULL,NULL,NULL,NULL,NULL,NULL,NULL,NULL,NULL,NULL
162,5,6,"Pemutakhiran IGT Potensi","0049","Memutakhirkan IGT Transportasi dan Logistik","Peta Sebaran Terminal Khusus skala 1:50.000",22,"Kementerian Perhubungan (Kemenhub)",NULL,NULL,NULL,NULL,NULL,NULL,NULL,NULL,NULL,NULL
163,5,6,"Pemutakhiran IGT Potensi","0049","Memutakhirkan IGT Transportasi dan Logistik","Peta Sebaran Bandara skala 1:50.000",22,"Kementerian Perhubungan (Kemenhub)",NULL,NULL,NULL,NULL,NULL,NULL,NULL,NULL,NULL,NULL
164,5,6,"Pemutakhiran IGT Potensi","0049","Memutakhirkan IGT Transportasi dan Logistik","Peta Sebaran Jaringan Rel dan Stasiun Kereta Api skala 1:50.000",22,"Kementerian Perhubungan (Kemenhub)",NULL,NULL,NULL,NULL,NULL,NULL,NULL,NULL,NULL,NULL
165,5,6,"Pemutakhiran IGT Potensi","0041","Memutakhirkan IGT Sumber Daya dan Lingkungan","Peta Lahan Gambut skala 1:50.000",18,"Kementerian Pertanian (Kementan)",NULL,NULL,NULL,NULL,NULL,NULL,NULL,NULL,NULL,NULL
166,5,6,"Pemutakhiran IGT Potensi","0041","Memutakhirkan IGT Sumber Daya dan Lingkungan","Peta Tanah Semi-Detail skala 1:50.000",18,"Kementerian Pertanian (Kementan)",NULL,NULL,NULL,NULL,NULL,NULL,NULL,NULL,NULL,NULL
167,5,6,"Pemutakhiran IGT Potensi","0041","Memutakhirkan IGT Sumber Daya dan Lingkungan","Peta Tutupan Kelapa Sawit Indonesia minimal skala 1:50.000",18,"Kementerian Pertanian (Kementan)",NULL,NULL,NULL,NULL,NULL,NULL,NULL,NULL,NULL,NULL
168,5,6,"Pemutakhiran IGT Potensi","0041","Memutakhirkan IGT Sumber Daya dan Lingkungan","Peta Sistem Lahan (Morfologi) dan Peta Morfometri Bentang Lahan skala 1:50.000",83,"Badan Informasi Geospasial (BIG)",NULL,NULL,NULL,NULL,NULL,NULL,NULL,NULL,NULL,NULL
169,5,6,"Pemutakhiran IGT Potensi","0041","Memutakhirkan IGT Sumber Daya dan Lingkungan","Peta Penutup Lahan skala 1:50.000 Catatan: Peta Penutup Lahan merupakan salah satu unsur peta dasar/peta Rupa Bumi Indonesia",83,"Badan Informasi Geospasial (BIG)",NULL,NULL,NULL,NULL,NULL,NULL,NULL,NULL,NULL,NULL
170,5,6,"Pemutakhiran IGT Potensi","0041","Memutakhirkan IGT Sumber Daya dan Lingkungan","Peta Potensi Desa (Sosial-Ekonomi), minimal pada skala 1:50.000",54,"Badan Pusat Statistik (BPS)",NULL,NULL,NULL,NULL,NULL,NULL,NULL,NULL,NULL,NULL
171,5,6,"Pemutakhiran IGT Potensi","0041","Memutakhirkan IGT Sumber Daya dan Lingkungan","Peta Curah Hujan dan Hari Hujan skala 1:50.000 ",75,"Badan Meteorologi Klimatologi dan Geofisika (BMKG)",NULL,NULL,NULL,NULL,NULL,NULL,NULL,NULL,NULL,NULL
172,5,6,"Pemutakhiran IGT Potensi","0041","Memutakhirkan IGT Sumber Daya dan Lingkungan","Peta Potensi Energi Matahari dan Angin skala 1:50.000 ",75,"Badan Meteorologi Klimatologi dan Geofisika (BMKG)",NULL,NULL,NULL,NULL,NULL,NULL,NULL,NULL,NULL,NULL
173,6,NULL,"Penyebarluasan Data IG","0050","Peningkatan Fungsi dan Kapasitas Geoportal PKSP ","Sosialisasi Katalog Unsur Geografi Indonesia (KUGI)",83,"Badan Informasi Geospasial (BIG)",NULL,NULL,NULL,NULL,NULL,NULL,NULL,NULL,NULL,NULL
174,6,NULL,"Penyebarluasan Data IG ","0051","Peningkatan Fungsi dan Kapasitas Geoportal PKSP ","Sosialisasi Spesifikasi Produk Data, Metadata dan Informasi Kualitas IG",83,"Badan Informasi Geospasial (BIG)",NULL,NULL,NULL,NULL,NULL,NULL,NULL,NULL,NULL,NULL
175,6,NULL,"Penyebarluasan Data IG ","0050","Peningkatan Fungsi dan Kapasitas Geoportal PKSP ","Tersediannya Katalog IG akses terbatas maupun publik dalam Geoportal KSP (Penghubung Simpul Jaringan)",83,"Badan Informasi Geospasial (BIG)",NULL,NULL,NULL,NULL,NULL,NULL,NULL,NULL,NULL,NULL
176,6,NULL,"Penyebarluasan Data IG ","0051","Peningkatan Fungsi dan Kapasitas Geoportal PKSP ","Ketersediaan Katalog IGD untuk mendukung KSP dalam Geoportal Simpul Jaringan BIG berbasis Geospatial Open Linked Data (GOLD) ",83,"Badan Informasi Geospasial (BIG)",NULL,NULL,NULL,NULL,NULL,NULL,NULL,NULL,NULL,NULL
177,6,NULL,"Penyebarluasan Data IG ","0051","Peningkatan Fungsi dan Kapasitas Geoportal PKSP ","Tersedianya standar berbagi data melalui Geospatial Open Linked Data (GOLD) ",83,"Badan Informasi Geospasial (BIG)",NULL,NULL,NULL,NULL,NULL,NULL,NULL,NULL,NULL,NULL
178,6,NULL,"Penyebarluasan Data IG ","0051","Peningkatan Fungsi dan Kapasitas Geoportal PKSP ","Tersedianya Katalog berbagi data di Geoportal KSP (Penghubung Simpul Jaringan ) melalui Geospatial Open Linked Data (GOLD)",83,"Badan Informasi Geospasial (BIG)",NULL,NULL,NULL,NULL,NULL,NULL,NULL,NULL,NULL,NULL
179,6,NULL,"Penyebarluasan Data IG ","0051","Peningkatan Fungsi dan Kapasitas Geoportal PKSP ","Tersedianya skema integrasi sistem JIGN dan sistem pengambilan keputusan (decision support system)",83,"Badan Informasi Geospasial (BIG)",NULL,NULL,NULL,NULL,NULL,NULL,NULL,NULL,NULL,NULL
180,6,NULL,"Penyebarluasan Data IG ","0051","Peningkatan Fungsi dan Kapasitas Geoportal PKSP ","Sosialisasi skema integrasi sistem JIGN dan sistem pengambilan keputusan (decision support system)",83,"Badan Informasi Geospasial (BIG)",NULL,NULL,NULL,NULL,NULL,NULL,NULL,NULL,NULL,NULL
181,6,NULL,"Penyebarluasan Data IG ","0051","Peningkatan Fungsi dan Kapasitas Geoportal PKSP ","Penyiapan integrasi sistem JIGN dan sistem pengambilan keputusan (decision support system)",83,"Badan Informasi Geospasial (BIG)",NULL,NULL,NULL,NULL,NULL,NULL,NULL,NULL,NULL,NULL
182,6,NULL,"Penyebarluasan Data IG ","0051","Peningkatan Fungsi dan Kapasitas Geoportal PKSP ","Tersedianya fungsi geoportal KSP (Penghubung simpul Jaringan) sebagai alat bantu dalam pengambilan keputusan (decision support system)",83,"Badan Informasi Geospasial (BIG)",NULL,NULL,NULL,NULL,NULL,NULL,NULL,NULL,NULL,NULL
183,6,NULL,"Penyebarluasan Data IG ","0052","Peningkatan Fungsi dan Kapasitas Geoportal PKSP ","Tersedianya IGT melalui skema content delivery network (CDN) dalam pusat data terdistribusi 1 lokasi",83,"Badan Informasi Geospasial (BIG)",NULL,NULL,NULL,NULL,NULL,NULL,NULL,NULL,NULL,NULL
184,6,NULL,"Penyebarluasan Data IG ","0051","Peningkatan Fungsi dan Kapasitas Geoportal PKSP ","Tersedianya IGT KSP melalui replica conten network (CDN) dalam pusat data terdistribusi 2 lokasi",83,"Badan Informasi Geospasial (BIG)",NULL,NULL,NULL,NULL,NULL,NULL,NULL,NULL,NULL,NULL
185,6,NULL,"Penyebarluasan Data IG ","0051","Peningkatan Fungsi dan Kapasitas Geoportal PKSP ","Tersedianya IGT KSP melalui replica conten network (CDN) dalam pusat data terdistribusi 3 lokasi",83,"Badan Informasi Geospasial (BIG)",NULL,NULL,NULL,NULL,NULL,NULL,NULL,NULL,NULL,NULL
186,6,NULL,"Penyusunan Grand Design Pembangunan Pusat Data Nasional","0053","Penyusunan Grand Design Produk PKSP dalam Pusat Data Nasional","Dokumen Kajian Grand Design  Produk PKSP dalam Pusat Data Nasional",35,"Kementerian Koordinator Bidang Perekonomian (Kemenko Perekonomian)",NULL,NULL,NULL,NULL,NULL,NULL,NULL,NULL,NULL,NULL
187,7,NULL,"Penyelesaian Tumpang Tindih Pemanfaatan Lahan","0054","Identifikasi Tumpang Tindih Pemanfaatan Lahan","Penetapan Peta Indikatif Tumpang Tindih antar IGT (PITTI)",35,"Kementerian Koordinator Bidang Perekonomian (Kemenko Perekonomian)",NULL,NULL,NULL,NULL,NULL,NULL,NULL,NULL,NULL,NULL
188,7,NULL,"Penyelesaian Tumpang Tindih Pemanfaatan Lahan","0055","Analisis Penyelesaian Tumpang Tindih Pemanfaatan Lahan ","Rekomendasi Penyelesaian Tumpang Tindih Pemanfaatan Lahan",35,"Kementerian Koordinator Bidang Perekonomian (Kemenko Perekonomian)",NULL,NULL,NULL,NULL,NULL,NULL,NULL,NULL,NULL,NULL
189,7,NULL,"Penyelesaian Tumpang Tindih Pemanfaatan Lahan","0056","Pelaksanaan Penyelesaian Tumpang Tindih Pemanfaatan Lahan","Rencana Aksi Penyelesaian Tumpang Tindih Pemanfaatan Lahan",35,"Kementerian Koordinator Bidang Perekonomian (Kemenko Perekonomian)",NULL,NULL,NULL,NULL,NULL,NULL,NULL,NULL,NULL,NULL
190,7,NULL,"Pelaporan Pelaksanaan Kebijakan Satu Peta Kepada Presiden RI","0057","Penyusunan Laporan Pelaksanaan Percepatan Kebijakan Satu Peta","Laporan Pelaksanaan Percepatan Kebijakan Satu Peta (PKSP)",35,"Kementerian Koordinator Bidang Perekonomian (Kemenko Perekonomian)",NULL,NULL,NULL,NULL,NULL,NULL,NULL,NULL,NULL,NULL
